subreddit,title,score,num_comments,id,url
politics,"Nintendo Alerted After DHS Uses Pokémon to Promote ICE Raids | 
A video captioned “Gotta Catch ’Em All” spliced raid footage with Pokémon imagery, sparking calls for Nintendo to step in.",6669,365,1nofipg,https://www.thedailybeast.com/nintendo-alerted-after-dhs-uses-pokemon-to-promote-ice-raids-tearing-families-apart/
politics,Republican Physician Immediately Trashes Trump’s Autism Claim,3137,134,1nogovl,https://www.thedailybeast.com/republican-physician-immediately-trashes-trumps-autism-claim/
politics,"Fox News “expert” says Hitler went to heaven | Karlyn Borysenko, a self-described fascist, is gaining influence — and getting liberals fired",2722,298,1nog9iy,https://www.salon.com/2025/09/23/fox-news-expert-on-the-left-says-hitler-went-to-heaven/
politics,Trump cancels meeting with Democratic leaders ahead of government shutdown deadline,1088,205,1noifii,https://www.cnn.com/2025/09/23/politics/trump-cancels-meeting-democrats-shutdown
politics,UK Tells Patients ‘Don’t Pay Attention’ to Trump on Tylenol,1719,104,1nodtm5,https://www.bloomberg.com/news/articles/2025-09-23/uk-tells-patients-don-t-pay-attention-to-trump-on-tylenol
politics,Leavitt Busted Telling Untruths About Homan’s $50K Sting,907,98,1nohnnj,https://www.thedailybeast.com/karoline-leavitt-busted-telling-untruths-about-tom-homans-50k-sting/?09232025
politics,"Trump, 79, Struggles to Say Word for Tylenol in His Dumb Autism Speech",10404,559,1no3mat,https://newrepublic.com/post/200772/donald-trump-tylenol-pregnancy-autism-rant
politics,"Trump, 79, Says Cuba and the Amish Have No Autism in Bonkers Speech",18235,1357,1no0nem,https://www.thedailybeast.com/trump-79-says-cuba-and-the-amish-have-no-autism-in-bonkers-speech/
politics,Kamala Harris gives Zohran Mamdani a tepid endorsement: 'I endorse the Democrat in the race',737,372,1noh77y,https://www.nbcnews.com/politics/kamala-harris/kamala-harris-gives-zohran-mamdani-tepid-endorsement-endorse-democrat-rcna233135?cid=sm_npd_nn_tw_ma&taid=68d29b87945e7c000110f8c8&utm_campaign=trueanthem&utm_medium=social&utm_source=twitter
politics,Kamala Harris backs Zohran Mamdani in New York mayoral race,3749,485,1no7cso,https://www.politico.com/news/2025/09/22/harris-mamdani-endorsement-00576074
politics,Leavitt Twists Herself to Explain Why Trump’s OK to ‘Hate’,6742,436,1no2zga,https://www.thedailybeast.com/karoline-leavitt-twists-herself-to-explain-why-donald-trumps-ok-to-hate/
politics,"Jimmy Kimmel's show returning on Tuesday, ABC announces",50547,6442,1nnwaic,https://www.nbcnews.com/business/media/jimmy-kimmel-abc-return-tuesday-rcna232335
politics,"The flimsy evidence behind Trump’s big autism announcement, explained",8081,813,1no0hpb,https://www.vox.com/health/462311/trump-tylenol-autism-announcement-leucovorin
politics,‘Fear and hopelessness’: one in four professors in the US south are leaving,638,107,1noeioo,https://www.theguardian.com/us-news/2025/sep/23/professors-us-south-leaving
politics,The Supreme Court Just Knocked Down One of the Final Guardrails Against Dictatorship,5684,404,1no1ymj,https://slate.com/news-and-politics/2025/09/supreme-court-ruling-trump-dictatorship.html
politics,Trump Says It Is “Really Illegal” for Journalists to Give His Administration Negative Coverage,2554,244,1no6r1i,https://www.democracynow.org/2025/9/22/headlines/trump_says_it_is_really_illegal_for_journalists_to_give_his_administration_negative_coverage
politics,"Elena Kagan warns Supreme Court ""overriding"" Congress to give Trump a win",11015,413,1nnxatz,https://www.newsweek.com/kagan-supreme-court-congress-trump-win-ftc-2133934?utm_source=reddit&utm_campaign=reddit_influencers
politics,Elon Musk’s father accused of sexually abusing his children and stepchildren,284,37,1noi57o,https://www.theguardian.com/us-news/2025/sep/23/errol-elon-musk-father-sexual-abuse-accusations
politics,GOP Rep Accuses Trump of Protecting His “Friends” With Epstein Coverup,12898,252,1nnsz1p,https://newrepublic.com/post/200750/gop-rep-thomas-massie-donald-trump-kash-patel-epstein-coverup
politics,Disney Says ‘Jimmy Kimmel Live!’ to Return Following Backlash,7698,1054,1nnwa7q,https://www.bloomberg.com/news/articles/2025-09-22/disney-says-jimmy-kimmel-live-to-return-following-backlash
PoliticalDiscussion,Casual Questions Thread,89,8519,1bwbuka,https://www.reddit.com/r/PoliticalDiscussion/comments/1bwbuka/casual_questions_thread/
PoliticalDiscussion,"Why is the government about to announce guidance tying prenatal Tylenol use to autism, a move reportedly championed by HHS Secretary Robert F. Kennedy Jr. ?",249,185,1nnuiew,https://www.reddit.com/r/PoliticalDiscussion/comments/1nnuiew/why_is_the_government_about_to_announce_guidance/
PoliticalDiscussion,"Why are American conservatives (Trump) so popular in Israel, whereas American Jews are predominantly Democrat?",157,99,1nnpbbf,https://www.reddit.com/r/PoliticalDiscussion/comments/1nnpbbf/why_are_american_conservatives_trump_so_popular/
PoliticalDiscussion,Trump says the tariffs are working and the US is getting richer from it. Is that true?,269,367,1nn6k1v,https://www.reddit.com/r/PoliticalDiscussion/comments/1nn6k1v/trump_says_the_tariffs_are_working_and_the_us_is/
PoliticalDiscussion,"UK, Canada, and Australia formally recognize Palestine — what does this mean for global diplomacy?",66,201,1nmzepf,https://www.reddit.com/r/PoliticalDiscussion/comments/1nmzepf/uk_canada_and_australia_formally_recognize/
PoliticalDiscussion,Do you think Democrats should change their federal platform?,0,52,1nnu2r8,https://www.reddit.com/r/PoliticalDiscussion/comments/1nnu2r8/do_you_think_democrats_should_change_their/
PoliticalDiscussion,"Do oppressed groups have a duty, not just a right, to resist systemic threats, and if so, what methods are justified?",0,58,1nmo35z,https://www.reddit.com/r/PoliticalDiscussion/comments/1nmo35z/do_oppressed_groups_have_a_duty_not_just_a_right/
PoliticalDiscussion,Is using military force against suspected drug-trafficking boats constitutional or an overreach of presidential power?,136,275,1nlal7x,https://www.reddit.com/r/PoliticalDiscussion/comments/1nlal7x/is_using_military_force_against_suspected/
PoliticalDiscussion,"What are your thoughts on the FCC's crackdown on Jimmy Kimmel, Stephen Colbert and free speech in general?",157,269,1nl6nez,https://www.reddit.com/r/PoliticalDiscussion/comments/1nl6nez/what_are_your_thoughts_on_the_fccs_crackdown_on/
PoliticalDiscussion,"When Putin came to power in the 2000s his administration critiqued a puppet show mocking politicians openly. 2 years later the puppet show was taken down, do you see parallels with the events we are currently on?",144,22,1nl0uwa,https://www.reddit.com/r/PoliticalDiscussion/comments/1nl0uwa/when_putin_came_to_power_in_the_2000s_his/
PoliticalDiscussion,"Do you think the majority of Americans aren't hyper-partisan/tribal, or has that ship sailed?",59,184,1nl4px7,https://www.reddit.com/r/PoliticalDiscussion/comments/1nl4px7/do_you_think_the_majority_of_americans_arent/
PoliticalDiscussion,"Has US political support for Israel become a kind of cult, and how does Reagan’s 1982 diary entry highlight the difference between then and now?",41,66,1nl71xy,https://www.reddit.com/r/PoliticalDiscussion/comments/1nl71xy/has_us_political_support_for_israel_become_a_kind/
PoliticalDiscussion,"What is ""fair"" for taxes?",0,211,1nm2c8v,https://www.reddit.com/r/PoliticalDiscussion/comments/1nm2c8v/what_is_fair_for_taxes/
PoliticalDiscussion,Current Leaders Of The Democratic Party?,76,197,1nkroke,https://www.reddit.com/r/PoliticalDiscussion/comments/1nkroke/current_leaders_of_the_democratic_party/
PoliticalDiscussion,Americas Reichstag fire?,327,392,1nkeu1q,https://www.reddit.com/r/PoliticalDiscussion/comments/1nkeu1q/americas_reichstag_fire/
PoliticalDiscussion,What explains why personal storytelling might outperform data-heavy messaging in political advocacy?,9,21,1nkwxla,https://www.reddit.com/r/PoliticalDiscussion/comments/1nkwxla/what_explains_why_personal_storytelling_might/
PoliticalDiscussion,"How did the Nazi regime censor satire, cabaret, and art — and what does that tell us about silencing political humor today?",73,29,1nk58ui,https://www.reddit.com/r/PoliticalDiscussion/comments/1nk58ui/how_did_the_nazi_regime_censor_satire_cabaret_and/
PoliticalDiscussion,Are we in a new “Migration Period” that could reshape global politics?,20,42,1nkdp4f,https://www.reddit.com/r/PoliticalDiscussion/comments/1nkdp4f/are_we_in_a_new_migration_period_that_could/
PoliticalDiscussion,Can democracies survive disinformation if truth loses the numbers game?,339,261,1njl34j,https://www.reddit.com/r/PoliticalDiscussion/comments/1njl34j/can_democracies_survive_disinformation_if_truth/
PoliticalDiscussion,"For people who volunteer on campaigns: if we could fix ONE pain this cycle, what should it be?",5,4,1nk7lml,https://www.reddit.com/r/PoliticalDiscussion/comments/1nk7lml/for_people_who_volunteer_on_campaigns_if_we_could/
worldnews,"/r/WorldNews Live Thread: Russian Invasion of Ukraine Day 1307, Part 1 (Thread #1454)",398,55,1no7kkb,https://www.reddit.com/live/18hnzysb1elcs
worldnews,"Pope Leo refuses to authorise an AI Pope and declares the technology 'an empty, cold shell that will do great damage to what humanity is about'",32674,859,1nocisz,https://www.pcgamer.com/software/ai/pope-leo-refuses-to-authorise-an-ai-pope-and-declares-the-technology-an-empty-cold-shell-that-will-do-great-damage-to-what-humanity-is-about/
worldnews,NATO Nation Ready To Shoot Down Russian Planes,3171,127,1noek1c,https://www.newsweek.com/nato-nation-ready-shoot-down-russian-planes-10474064
worldnews,Russia Link Possible in ‘Serious Attack’ on NATO’s Denmark,1451,84,1nogtu3,https://www.newsweek.com/nato-denmark-drones-russia-copenhagen-airport-10473830?utm_source=reddit&utm_campaign=reddit_influencers
worldnews,"China to launch K-Visa for global talent as US slaps $100,000 H-1B fee",1928,300,1noe5eu,https://www.business-standard.com/immigration/china-to-launch-k-visa-for-global-talent-as-us-slaps-100-000-h-1b-fee-125092300264_1.html
worldnews,Poland to Russia: ‘You have been warned’ so don’t ‘whine’ if your jets are shot down in NATO airspace,21009,435,1no28ha,https://www.politico.eu/article/radoslaw-sikorski-poland-russia-un-security-council-nato/
worldnews,Germany’s €80B rearmament plan sidelines US weapons,1895,201,1nob2cp,https://www.politico.eu/article/germanys-defense-donald-trump-air-defense-washington-us-weapons/
worldnews,"Drones detected in Denmark and Norway, airport closed and arrests made",5456,176,1no3wn7,https://newsukraine.rbc.ua/news/drones-detected-in-denmark-and-norway-airport-1758575866.html
worldnews,"France recognizes State of Palestine, Macron declares at UN",31976,1658,1nnwa9e,https://www.lemonde.fr/en/international/article/2025/09/22/macron-recognizes-state-of-palestine-for-peace-vows-to-keep-up-existential-fight-against-antisemitism_6745641_4.html
worldnews,"Moscow comes under drone attack, explosions reported in nine districts",9751,328,1nnwxnm,https://www.ukrinform.net/amp/rubric-ato/4039280-moscow-comes-under-drone-attack-explosions-reported-in-nine-districts.html
worldnews,"Rodrigo Duterte, former Philippines president, charged with crimes against humanity at ICC",492,18,1noeim2,https://www.theguardian.com/world/2025/sep/23/rodrigo-duterte-charged-crimes-against-humanity-icc-philippines-ntwnfb
worldnews,Hungary refuses to stop buying Russian oil despite Trump’s Nato demand,1617,139,1no86xn,https://www.theguardian.com/world/2025/sep/23/hungary-refuses-to-stop-buying-russian-oil-despite-trumps-nato-demand
worldnews,"Ukrainian drones attacked Moscow throughout the night, mayor says",504,33,1nodidy,https://kyivindependent.com/ukrainian-drones-attacked-moscow-throughout-the-night-mayor-says/
worldnews,'We lack manpower to hold every meter of the front': Interview with Ukraine's drone battalion commander,2717,208,1no3asg,https://newsukraine.rbc.ua/interview/we-lack-manpower-to-hold-every-meter-of-the-1757574564.html
worldnews,"Canada Hopes Trump’s $100,000 Visa Fee Redirects Talent North",182,38,1noirpx,https://www.bloomberg.com/news/articles/2025-09-23/h-1b-visa-canada-hopes-trump-s-100-000-fee-redirects-talent-north
worldnews,Japan refrains from recognizing Palestinian state at U.N. confab,448,69,1noci0d,https://english.kyodonews.net/articles/-/61527
worldnews,'Suicides and suffocation' — Russia sends troops into gas pipelines to bypass Ukrainian defenses,160,23,1nohd5u,https://kyivindependent.com/deadly-but-effective-why-russia-sends-soldiers-to-gas-pipeline-tunnels-in-ukraine/
worldnews,"Ukraine hits Russian oil facilities in Bryansk, Samara oblasts, military claims",158,1,1nogens,https://kyivindependent.com/ukraine-hits-oil-facilities-in-2-russian-oblasts-military-claims/
worldnews,Cubans dying for ‘imperialist ambitions’ of Russia’s Putin in Ukraine: official,434,7,1noalyt,https://www.scmp.com/news/world/russia-central-asia/article/3326497/cubans-dying-imperialist-ambitions-russias-putin-ukraine-official
worldnews,Tusk Threatens to Shoot Down Russian Jets Crossing Into Poland,6187,173,1nnp61w,https://www.bloomberg.com/news/articles/2025-09-22/tusk-threatens-to-shoot-down-russian-jets-crossing-into-poland
